access_key,timestamp
52250721929651000130650010000027171155821920,2025-10-14 19:52:07
52250721929651000130650010000027081453994093,2025-10-14 19:58:31
52250621929651000130650010000026211002991769,2025-10-14 20:05:02
52250721929651000130650010000026881005487827,2025-10-19 19:46:21
52250721929651000130650010000027281902500362,2025-10-19 19:46:52
52250721929651000130650010000027021319442215,2025-10-19 19:47:02
52250721929651000130650010000026901050338442,2025-10-19 19:47:13
52250721929651000130650010000027031841867513,2025-10-19 19:47:31
52250721929651000130650010000027131066120677,2025-10-19 19:47:44
52250721929651000130650010000027231290373814,2025-10-19 19:48:14
52250721929651000130650010000027251335224434,2025-10-19 19:48:45
52250721929651000130650010000026961184890330,2025-10-19 19:48:57
52250721929651000130650010000026891527913124,2025-10-19 19:49:45
52250721929651000130650010000027101498844722,2025-10-19 19:49:57
52250621929651000130650010000026281659968954,2025-10-19 19:50:17
52250621929651000130650010000026151868439867,2025-10-19 19:50:42
52250621929651000130650010000026251092693028,2025-10-19 19:50:57
52250621929651000130650010000026231047842392,2025-10-19 19:51:09
52250621929651000130650010000026141346014565,2025-10-19 19:51:53
52250621929651000130650010000026201480566442,2025-10-19 19:52:21
52250621929651000130650010000026221525417070,2025-10-19 19:52:38
52250621929651000130650010000026131823589237,2025-10-19 19:53:25
52250621929651000130650010000026261615118322,2025-10-19 19:53:38
52250621929651000130650010000026241570267702,2025-10-19 19:53:48
52250621929651000130650010000026161390865197,2025-10-19 19:54:25
52251021929651000130650010000028151353502714,2025-10-19 19:59:45
52251021929651000130650010000028161875928010,2025-10-19 20:02:37
52251021929651000130650010000028131308652082,2025-10-19 20:07:32
52250921929651000130650010000028081696525504,2025-10-19 20:08:39
52250921929651000130650010000028061651674883,2025-10-19 20:10:29
52250921929651000130650010000028071174100202,2025-10-19 20:10:53
52250921929651000130650010000027991994697671,2025-10-19 20:11:15
52250921929651000130650010000027951904996420,2025-10-19 20:11:39
52250921929651000130650010000028001517122991,2025-10-19 20:12:09
52250721929651000130650010000026951662465000,2025-10-19 20:16:42
52250721929651000130650010000027091976419393,2025-10-19 20:17:02
52250721929651000130650010000027001274591581,2025-10-19 20:17:20
52250721929651000130650010000026981229740956,2025-10-19 20:17:46
52250721929651000130650010000027311469776323,2025-10-19 20:18:09
52250721929651000130650010000026991752166264,2025-10-19 20:18:26
52250721929651000130650010000027201723097859,2025-10-19 20:19:11
52250721929651000130650010000027321992201621,2025-10-19 20:19:35
52250721929651000130650010000027241812799114,2025-10-19 20:19:57
52250721929651000130650010000027121543695357,2025-10-19 20:20:17
52250721929651000130650010000026971707315634,2025-10-19 20:20:39
52250721929651000130650010000026911572763754,2025-10-19 20:21:08
52250721929651000130650010000026931617614374,2025-10-19 20:21:25
52250721929651000130650010000026871483062499,2025-10-19 20:21:41
52250721929651000130650010000027291424925690,2025-10-19 20:21:59
52250721929651000130650010000027061409143461,2025-10-19 20:22:17
52250721929651000130650010000027261857649744,2025-10-19 20:22:32
52250721929651000130650010000027151110971309,2025-10-19 20:22:54
52250721929651000130650010000027331514626946,2025-10-19 20:23:13
52250721929651000130650010000027181678247232,2025-10-19 20:23:31
52250721929651000130650010000027011797016881,2025-10-19 20:23:49
52250721929651000130650010000027141588545979,2025-10-19 20:24:10
52250721929651000130650010000027191200672555,2025-10-19 20:24:34
52250821929651000130650010000027341037052271,2025-10-19 20:25:10
52250821929651000130650010000027391649178833,2025-10-19 20:25:29
52250821929651000130650010000027401171604159,2025-10-19 20:25:51
52250821929651000130650010000027431738880080,2025-10-19 20:26:09
52250821929651000130650010000027371604328203,2025-10-19 20:26:31
52250821929651000130650010000027361081902891,2025-10-19 20:26:48
52250821929651000130650010000027461306156039,2025-10-19 20:27:08
52250821929651000130650010000027351559477573,2025-10-19 20:27:34
52250821929651000130650010000027501395857294,2025-10-19 20:27:51
52250821929651000130650010000027471828581340,2025-10-19 20:28:11
52250821929651000130650010000027511918282590,2025-10-19 20:28:33
52250821929651000130650010000027491873431969,2025-10-19 20:28:59
52250821929651000130650010000027411694029459,2025-10-19 20:29:17
52250821929651000130650010000027441261305400,2025-10-19 20:29:39
52250821929651000130650010000027521440707912,2025-10-19 20:30:04
52250821929651000130650010000027541485558546,2025-10-19 20:30:25
52250821929651000130650010000027451783730712,2025-10-19 20:30:50
52250821929651000130650010000027551007983870,2025-10-19 20:31:07
52250821929651000130650010000027531963133226,2025-10-19 20:31:28
52250821929651000130650010000027421216454783,2025-10-19 20:31:47
52250821929651000130650010000027381126753525,2025-10-19 20:33:13
52250921929651000130650010000027891770444536,2025-10-19 20:34:28
52250921929651000130650010000027981472272370,2025-10-19 20:35:37
52250921929651000130650010000027831635892654,2025-10-19 20:39:00
52250921929651000130650010000028121786226762,2025-10-19 20:39:21
52250921929651000130650010000027971949847045,2025-10-19 20:40:20
52250921929651000130650010000027901292869868,2025-10-19 20:41:16
52250921929651000130650010000028041606824257,2025-10-19 20:41:36
52250921929651000130650010000028091218950839,2025-10-19 20:41:54
52250921929651000130650010000027931860145794,2025-10-19 20:42:37
52250921929651000130650010000028051129249575,2025-10-19 20:42:59
52250921929651000130650010000028101741376132,2025-10-19 20:43:31
52250921929651000130650010000027961427421740,2025-10-19 20:43:50
52251021929651000130650010000028231532905220,2025-10-21 09:14:48
52250621929651000130650010000026181435715819,2025-10-21 15:25:52
52240827289076001964652090000141381741760995,2025-10-21 15:44:58
52250610475863000179650030001540101000005997,2025-10-21 15:48:06
52240939346861034147651180001241051118134901,2025-10-21 15:49:14
52250610475863000179650050000694051000007980,2025-10-21 15:49:33
52250610475863000179650010002246201000017730,2025-10-21 16:00:41
52250610475863000179650040001335481000005864,2025-10-21 16:01:07
52250804295003000150651040008323741037343063,2025-10-21 16:01:24
52250610475863000179650030001540491000050962,2025-10-21 16:01:31
52250610475863000179650010002245751000001259,2025-10-21 16:02:08
52250610475863000179650020002392331000019766,2025-10-21 16:02:20
52251047260527000119650110001538511000056660,2025-10-21 16:06:13
52251047260527000119650110001546541000029080,2025-10-21 16:06:44
52251015197323000194651060000733201106755055,2025-10-21 16:07:05
52251047260527000119650080002815951000070982,2025-10-21 16:07:15
52251006057223034319650220005979051220044359,2025-10-21 16:07:32
52250947260527000119650010003118651000119973,2025-10-21 16:07:41
52250924447350000673652150001701441431478090,2025-10-21 16:07:55
52251033780883003336651150000783391024562465,2025-10-21 18:54:49
52251002870566002143650310000005481000005494,2025-10-21 19:03:06
52251047260527000119650050003385469000025896,2025-10-21 19:05:30
52251055296152000175650020000682301221179145,2025-10-21 20:23:44
52251021929651000130650010000028251577755850,2025-10-21 20:25:50
